{
  "Institute of Population, Health and Development": {
    "Equine": 0.1111111111111111,
    "Small Animals": 0.4706349206349206
  },
  "National Institute Of Hygiene And Epidemiology": {
    "Equine": 0.06666666666666667,
    "Small Animals": 7.460069179186823
  },
  "Nha Trang University": {
    "Equine": 0.16666666666666666,
    "Small Animals": 1.261507936507937
  },
  "Hanoi Medical University": {
    "Equine": 0.05555555555555555,
    "Small Animals": 5.75379650542694
  },
  "Vietnam National University Ho Chi Minh City": {
    "Equine": 0.3333333333333333,
    "Small Animals": 3.5470842882607583
  },
  "Vietnam Academy of Science and Technology": {
    "Equine": 0.08333333333333333,
    "Small Animals": 14.752459114959091
  },
  "Nong Lam University Ho Chi Minh City": {
    "Equine": 0.20833333333333331,
    "Small Animals": 4.901465201465197
  },
  "An Giang University": {
    "Equine": 0.03125,
    "Small Animals": 0.21825396825396826
  },
  "Ho Chi Minh City University of Technology": {
    "Equine": 0.043055555555555555,
    "Small Animals": 1.5768518518518517
  },
  "National Institute of Animal Sciences": {
    "Equine": 0.13333333333333333,
    "Small Animals": 4.1441798941798975
  },
  "Thai Nguyen University": {
    "Equine": 0.06666666666666667,
    "Small Animals": 1.2276455026455024
  },
  "Vietnam National University of Agriculture": {
    "Equine": 0.06666666666666667,
    "Small Animals": 11.864417989417978
  },
  "National Institute of Nutrition": {
    "Small Animals": 1.0
  },
  "Hanoi University of Science and Technology": {
    "Small Animals": 0.7226190476190475
  },
  "Research Institute for Aquaculture No1": {
    "Small Animals": 1.7186507936507935
  },
  "Hospital for Tropical Diseases": {
    "Small Animals": 14.213726551226541
  },
  "Hue University": {
    "Small Animals": 10.877032227032213
  },
  "National Institute of Malariology, Parasitology and Entomology": {
    "Small Animals": 3.9086720074148924
  },
  "Cat Tien National Park": {
    "Small Animals": 1.2810643060643059
  },
  "Ho Chi Minh City University of Science": {
    "Small Animals": 1.5728174603174605
  },
  "General Department of Preventive Medicine": {
    "Small Animals": 8.5563943705248
  },
  "National Institute of Veterinary Research": {
    "Small Animals": 7.962238325281806
  },
  "Hung Vuong Hospital": {
    "Small Animals": 1.233333333333334
  },
  "Hue University of Agriculture and Forestry": {
    "Small Animals": 0.2583333333333333
  },
  "Oxford University Clinical Research Unit": {
    "Small Animals": 2.532669128257362
  },
  "Can Tho University": {
    "Small Animals": 4.900925925925927
  },
  "Cho Ray Hospital": {
    "Small Animals": 1.7636160136160135
  },
  "Ministry of Agriculture and Rural Development": {
    "Small Animals": 0.48234126984126985
  },
  "Vietnam National Children's Hospital": {
    "Small Animals": 1.5203703703703704
  },
  "Vietnam National University, Hanoi": {
    "Small Animals": 2.1719125645596242
  },
  "International Center for Tropical Agriculture": {
    "Small Animals": 0.19999999999999998
  },
  "Vietnam Academy of Agricultural Sciences": {
    "Small Animals": 0.5555555555555555
  },
  "Field Crops Research Institute": {
    "Small Animals": 0.3888888888888889
  },
  "Institut Pasteur in Ho Chi Minh City": {
    "Small Animals": 0.5206349206349206
  },
  "Tân Tạo University": {
    "Small Animals": 0.5222222222222221
  },
  "Institute for Nuclear Science and Technology": {
    "Small Animals": 0.41666666666666663
  },
  "Ministry of Health": {
    "Small Animals": 0.6890979689366786
  },
  "Agricultural Genetics Institute": {
    "Small Animals": 0.1865079365079365
  },
  "Institute of Mathematics": {
    "Small Animals": 0.23333333333333334
  },
  "Center for Health Consultation and Community Development": {
    "Small Animals": 0.08333333333333333
  },
  "Thuyloi University": {
    "Small Animals": 0.23809523809523808
  },
  "HCMC Hospital of Dermato Venereology": {
    "Small Animals": 0.42222222222222217
  },
  "Institute for Computational Science and Technology": {
    "Small Animals": 0.6666666666666666
  },
  "Children's Hospital 1": {
    "Small Animals": 0.1111111111111111
  },
  "Van Lang University": {
    "Small Animals": 0.21666666666666665
  },
  "Ton Duc Thang University": {
    "Small Animals": 0.2861111111111111
  },
  "Dong Thap Hospital": {
    "Small Animals": 0.7777777777777777
  },
  "Hai phong University Of Medicine and Pharmacy": {
    "Small Animals": 1.048148148148148
  },
  "Hanoi Lung Hospital": {
    "Small Animals": 0.34722222222222215
  },
  "Vinh University": {
    "Small Animals": 0.787037037037037
  },
  "University of Medicine and Pharmacy at Ho Chi Minh City": {
    "Small Animals": 1.9075801128870185
  },
  "Ho Chi Minh City University of Technology and Engineering": {
    "Small Animals": 0.3222222222222222
  },
  "Hanoi Open University": {
    "Small Animals": 1.9642857142857142
  },
  "Phu Yen University": {
    "Small Animals": 0.3333333333333333
  },
  "Viet Duc Hospital": {
    "Small Animals": 1.0833333333333333
  },
  "Pham Ngoc Thach University of Medicine": {
    "Small Animals": 2.0461880711880713
  },
  "Hung Vuong University of Ho Chi Minh City": {
    "Small Animals": 0.08928571428571427
  },
  "Institute of Marine Geology and Geophysics": {
    "Small Animals": 0.5833333333333333
  },
  "VNU University of Science": {
    "Small Animals": 5.5249999999999995
  },
  "Hanoi National University of Education": {
    "Small Animals": 0.26666666666666666
  },
  "Duy Tan University": {
    "Small Animals": 0.6203703703703703
  },
  "Ho Chi Minh City International University": {
    "Small Animals": 0.25
  },
  "Bạch Mai Hospital": {
    "Small Animals": 0.045454545454545456
  },
  "Hanoi University of Pharmacy": {
    "Small Animals": 0.375
  },
  "University of Hai Duong": {
    "Small Animals": 0.374074074074074
  },
  "Vietnam Military Medical University": {
    "Small Animals": 1.2456349206349207
  },
  "Thai Binh University of Medicine and Pharmacy": {
    "Small Animals": 0.437037037037037
  },
  "Trường ĐH Nguyễn Tất Thành": {
    "Small Animals": 1.109325396825397
  },
  "University Medical Center HCMC": {
    "Small Animals": 0.6158496732026143
  },
  "Vietnam Academy of Social Sciences": {
    "Small Animals": 0.0625
  },
  "Tien Giang General Hospital": {
    "Small Animals": 0.47500000000000003
  },
  "Thai Nguyen University of Agriculture and Forestry": {
    "Small Animals": 1.0892857142857146
  },
  "Hanoi School Of Public Health": {
    "Small Animals": 0.6505602240896358
  },
  "Posts and Telecommunications Institute of Technology - Ho Chi Minh City": {
    "Small Animals": 0.16666666666666666
  },
  "Ho Chi Minh City University of Education": {
    "Small Animals": 1.9444444444444444
  },
  "Phenikaa University": {
    "Small Animals": 0.7015873015873015
  },
  "Hue Central Hospital": {
    "Small Animals": 1.0833333333333333
  },
  "University of Da Nang": {
    "Small Animals": 0.22685185185185186
  },
  "Saigon University": {
    "Small Animals": 0.018518518518518517
  },
  "Vietnamese - German Center of Excellence in Medical Research": {
    "Small Animals": 0.14074074074074072
  },
  "Hanoi University": {
    "Small Animals": 0.25530303030303025
  },
  "Khanh Hoa General Hospital": {
    "Small Animals": 0.2714393449687567
  },
  "Ho Chi Minh City Open University": {
    "Small Animals": 0.811111111111111
  },
  "Children's Hospital 2": {
    "Small Animals": 0.2904040404040404
  },
  "Institute of Vaccine and Medical Biologicals": {
    "Small Animals": 0.2238095238095238
  },
  "Le Quy Don Technical University": {
    "Small Animals": 0.6972222222222221
  },
  "Hanoi University of Natural Resources and Environment": {
    "Small Animals": 0.2222222222222222
  },
  "FPT University": {
    "Small Animals": 0.4444444444444444
  },
  "Ministry of Education and Training": {
    "Small Animals": 0.13333333333333333
  },