{
  "Cho Ray Hospital": {
    "General Dentistry": 0.11666666666666667,
    "Oral Surgery": 0.5142857142857142,
    "Periodontics": 0.21944444444444444
  },
  "General Department of Preventive Medicine": {
    "General Dentistry": 9.540079365079361,
    "Oral Surgery": 27.604098813372996,
    "Orthodontics": 15.275901875901878,
    "Periodontics": 34.61162624412628
  },
  "University of Medicine and Pharmacy at Ho Chi Minh City": {
    "General Dentistry": 3.880393558683037,
    "Oral Surgery": 34.36390076498441,
    "Orthodontics": 16.983212934296525,
    "Periodontics": 20.436248473748485
  },
  "Hospital for Tropical Diseases": {
    "General Dentistry": 0.22777777777777766,
    "Oral Surgery": 0.24999999999999997,
    "Periodontics": 0.7722222222222223
  },
  "VNU University of Science": {
    "General Dentistry": 0.75,
    "Oral Surgery": 1.5666666666666667,
    "Orthodontics": 1.2722222222222224,
    "Periodontics": 1.1722222222222223
  },
  "Bạch Mai Hospital": {
    "General Dentistry": 0.06666666666666667,
    "Oral Surgery": 0.19696969696969696,
    "Orthodontics": 0.03333333333333333,
    "Periodontics": 0.15
  },
  "Hai Phong University of Management and Technology": {
    "General Dentistry": 0.16666666666666666,
    "Periodontics": 0.16666666666666666
  },
  "National Institute Of Hygiene And Epidemiology": {
    "General Dentistry": 0.13888888888888887,
    "Oral Surgery": 0.38888888888888884,
    "Orthodontics": 0.06666666666666667,
    "Periodontics": 0.6711711711711711
  },
  "Hanoi Open University": {
    "General Dentistry": 0.5,
    "Oral Surgery": 2.3055555555555554,
    "Orthodontics": 0.1,
    "Periodontics": 0.7777777777777778
  },
  "Can Tho University": {
    "General Dentistry": 2.4781746031746037,
    "Oral Surgery": 11.428601953601953,
    "Orthodontics": 8.33333333333332,
    "Periodontics": 8.88585858585858
  },
  "Tien Giang General Hospital": {
    "General Dentistry": 0.16666666666666666,
    "Oral Surgery": 0.05555555555555555,
    "Periodontics": 0.06666666666666667
  },
  "Vietnam National University Ho Chi Minh City": {
    "General Dentistry": 5.411111111111107,
    "Oral Surgery": 16.624037999037977,
    "Orthodontics": 7.867809042809031,
    "Periodontics": 9.937301587301581
  },
  "Ho Chi Minh City University of Technology": {
    "General Dentistry": 0.2,
    "Oral Surgery": 1.8357142857142856,
    "Orthodontics": 0.7059523809523809,
    "Periodontics": 0.7297619047619047
  },
  "Institute of Mathematics": {
    "General Dentistry": 0.037037037037037035
  },
  "Ministry of Health": {
    "General Dentistry": 1.613610463610462,
    "Oral Surgery": 1.528427128427127,
    "Orthodontics": 1.1913059163059163,
    "Periodontics": 3.799196174196172
  },
  "Hanoi Medical University": {
    "General Dentistry": 4.759722222222221,
    "Oral Surgery": 13.985243460243424,
    "Orthodontics": 13.950589225589201,
    "Periodontics": 11.635501998001983
  },
  "Duy Tan University": {
    "General Dentistry": 0.6333333333333333,
    "Oral Surgery": 1.8346560846560853,
    "Orthodontics": 1.4254148629148633,
    "Periodontics": 1.7954545454545456
  },
  "Hue Central Hospital": {
    "General Dentistry": 0.44047619047619047,
    "Oral Surgery": 2.2611111111111115,
    "Orthodontics": 1.3250000000000002,
    "Periodontics": 1.7182539682539684
  },
  "Pham Ngoc Thach University of Medicine": {
    "General Dentistry": 0.5891774891774892,
    "Oral Surgery": 1.7640211640211645,
    "Orthodontics": 0.9420634920634922,
    "Periodontics": 0.8763888888888888
  },
  "Nha Trang University": {
    "General Dentistry": 0.5,
    "Oral Surgery": 0.08333333333333333,
    "Periodontics": 0.4722222222222222
  },
  "Hue University": {
    "General Dentistry": 5.360101010101011,
    "Oral Surgery": 26.303318903318907,
    "Orthodontics": 12.574603174603173,
    "Periodontics": 16.786507936507927
  },
  "Hai Phong University": {
    "General Dentistry": 0.06666666666666667,
    "Orthodontics": 0.08333333333333333
  },
  "Dalat University": {
    "General Dentistry": 0.18181818181818182,
    "Oral Surgery": 0.08333333333333333,
    "Orthodontics": 0.37037037037037035,
    "Periodontics": 0.6944444444444444
  },
  "Oxford University Clinical Research Unit": {
    "General Dentistry": 0.16666666666666663,
    "Orthodontics": 0.1111111111111111,
    "Periodontics": 0.2617220801364024
  },
  "Children's Hospital 1": {
    "General Dentistry": 0.011111111111111112
  },
  "Hanoi School Of Public Health": {
    "General Dentistry": 0.125,
    "Periodontics": 0.125
  },
  "Institute of Vaccine and Medical Biologicals": {
    "General Dentistry": 0.1111111111111111
  },
  "Vin, University": {
    "General Dentistry": 0.6944444444444445,
    "Oral Surgery": 0.1111111111111111,
    "Orthodontics": 0.2222222222222222,
    "Periodontics": 0.55
  },
  "Thai Binh University of Medicine and Pharmacy": {
    "General Dentistry": 0.3333333333333333,
    "Oral Surgery": 0.5476190476190476,
    "Orthodontics": 0.44444444444444436,
    "Periodontics": 0.8888888888888888
  },
  "Vietnam National University, Hanoi": {
    "General Dentistry": 1.2277777777777779,
    "Oral Surgery": 4.110930735930735,
    "Orthodontics": 1.420851370851371,
    "Periodontics": 2.37420634920635
  },
  "University of Da Nang": {
    "General Dentistry": 0.03333333333333333,
    "Oral Surgery": 1.513888888888889,
    "Orthodontics": 0.175,
    "Periodontics": 1.8000000000000003
  },
  "Phenikaa University": {
    "General Dentistry": 1.3083333333333336,
    "Oral Surgery": 2.2425925925925925,
    "Orthodontics": 8.794576719576717,
    "Periodontics": 1.3333333333333335
  },
  "Thuongmai University": {
    "General Dentistry": 0.05555555555555555,
    "Oral Surgery": 0.30277777777777776,
    "Periodontics": 0.40476190476190477
  },
  "Ho Chi Minh City University of Industry and Trade": {
    "General Dentistry": 0.16666666666666666,
    "Oral Surgery": 0.39999999999999997,
    "Orthodontics": 0.3333333333333333,
    "Periodontics": 0.041666666666666664
  },
  "Thai Nguyen University": {
    "General Dentistry": 0.12222222222222222,
    "Oral Surgery": 1.472222222222222,
    "Periodontics": 2.27063492063492
  },
  "Vietnam National Children's Hospital": {
    "General Dentistry": 0.05555555555555555,
    "Oral Surgery": 7.070370370370369,
    "Orthodontics": 2.7185305435305445,
    "Periodontics": 2.2094246031746025
  },
  "Hanoi University of Pharmacy": {
    "General Dentistry": 0.12222222222222222,
    "Oral Surgery": 0.047619047619047616,
    "Periodontics": 0.7083333333333333
  },
  "Nam Dinh University of Nursing": {
    "General Dentistry": 0.5833333333333333,
    "Oral Surgery": 0.43333333333333335,
    "Periodontics": 0.375
  },
  "Hanoi University": {
    "General Dentistry": 0.06666666666666667,
    "Oral Surgery": 0.18956228956228954,
    "Orthodontics": 0.312037037037037,
    "Periodontics": 0.38888888888888884
  },
  "Hai phong University Of Medicine and Pharmacy": {
    "General Dentistry": 0.6555555555555554,
    "Oral Surgery": 2.9322751322751337,
    "Orthodontics": 3.3767195767195775,
    "Periodontics": 2.174124788255223
  },
  "Nong Lam University Ho Chi Minh City": {
    "General Dentistry": 0.19999999999999998,
    "Periodontics": 0.8055555555555556
  },
  "Ton Duc Thang University": {
    "General Dentistry": 0.1,
    "Oral Surgery": 2.4086136086136087,
    "Orthodontics": 1.9091269841269844,
    "Periodontics": 2.4485306360306356
  },
  "FPT University": {
    "General Dentistry": 0.75,
    "Oral Surgery": 0.744047619047619,
    "Orthodontics": 0.125,
    "Periodontics": 0.29166666666666663
  },
  "Hanoi University of Business and Technology": {
    "General Dentistry": 0.05555555555555555,
    "Oral Surgery": 0.41666666666666663,
    "Orthodontics": 0.1111111111111111,
    "Periodontics": 0.05555555555555555
  },
  "Viet Duc Hospital": {
    "General Dentistry": 0.3333333333333333,
    "Oral Surgery": 1.3635040885040883,
    "Orthodontics": 1.0146464646464646,