{
  "ranking": [
    {
      "university": "National Institute of Animal Sciences",
      "totalContribution": 0.37037037037037035
    }
  ],
  "authorsByUniversity": {
    "National Institute of Animal Sciences": [
      {
        "author": "Le Thi Thanh Huyen",
        "contribution": 0.09259259259259257,
        "percent": 0.24999999999999997
      },
      {
        "author": "Do Van Duc",
        "contribution": 0.09259259259259257,
        "percent": 0.24999999999999997
      },
      {
        "author": "Le Tien Dung",
        "contribution": 0.09259259259259257,
        "percent": 0.24999999999999997
      },
      {
        "author": "Han Anh Tuan",
        "contribution": 0.09259259259259257,
        "percent": 0.24999999999999997
      }
    ]
  },
  "uniFieldContrib": {
    "National Institute of Animal Sciences": {
      "Comparative Psychology": 0.37037037037037035,
      "Physiology": 0.37037037037037035,
      "Pathology": 0.14814814814814814
    }
  },
  "totalPapers": 31334
}